trial_number,population_size,elite_size,tournament_size,initial_individual_time_seconds,offspring_improvement_time_seconds,parent1_route_inherit_prob,perturbation_steps,construction_iterations,instance,seed,obj_val,gap_pct
0,7,1,2,1.5160529302818047,0.4540196317746876,0.6837281251257901,3,19,D,11,1046.936,10.904
0,7,1,2,1.5160529302818047,0.4540196317746876,0.6837281251257901,3,19,D,22,1050.984,11.333
0,7,1,2,1.5160529302818047,0.4540196317746876,0.6837281251257901,3,19,D,33,1026.938,8.786
0,7,1,2,1.5160529302818047,0.4540196317746876,0.6837281251257901,3,19,G,11,3521.821,10.819
0,7,1,2,1.5160529302818047,0.4540196317746876,0.6837281251257901,3,19,G,22,3574.637,12.481
0,7,1,2,1.5160529302818047,0.4540196317746876,0.6837281251257901,3,19,G,33,3482.56,9.583
0,7,1,2,1.5160529302818047,0.4540196317746876,0.6837281251257901,3,19,I,11,759.643,11.712
0,7,1,2,1.5160529302818047,0.4540196317746876,0.6837281251257901,3,19,I,22,749.029,10.151
0,7,1,2,1.5160529302818047,0.4540196317746876,0.6837281251257901,3,19,I,33,735.056,8.096
0,7,1,2,1.5160529302818047,0.4540196317746876,0.6837281251257901,3,19,K,11,983.461,14.89
0,7,1,2,1.5160529302818047,0.4540196317746876,0.6837281251257901,3,19,K,22,959.225,12.059
0,7,1,2,1.5160529302818047,0.4540196317746876,0.6837281251257901,3,19,K,33,943.286,10.197
1,7,4,4,1.163263561223304,0.6848672676657162,0.7286301920730571,4,30,D,11,1046.936,10.904
1,7,4,4,1.163263561223304,0.6848672676657162,0.7286301920730571,4,30,D,22,1031.786,9.299
1,7,4,4,1.163263561223304,0.6848672676657162,0.7286301920730571,4,30,D,33,1031.279,9.246
1,7,4,4,1.163263561223304,0.6848672676657162,0.7286301920730571,4,30,G,11,3521.821,10.819
1,7,4,4,1.163263561223304,0.6848672676657162,0.7286301920730571,4,30,G,22,3542.336,11.464
1,7,4,4,1.163263561223304,0.6848672676657162,0.7286301920730571,4,30,G,33,3579.71,12.64
1,7,4,4,1.163263561223304,0.6848672676657162,0.7286301920730571,4,30,I,11,744.379,9.467
1,7,4,4,1.163263561223304,0.6848672676657162,0.7286301920730571,4,30,I,22,749.029,10.151
1,7,4,4,1.163263561223304,0.6848672676657162,0.7286301920730571,4,30,I,33,735.056,8.096
1,7,4,4,1.163263561223304,0.6848672676657162,0.7286301920730571,4,30,K,11,975.55,13.966
1,7,4,4,1.163263561223304,0.6848672676657162,0.7286301920730571,4,30,K,22,959.225,12.059
1,7,4,4,1.163263561223304,0.6848672676657162,0.7286301920730571,4,30,K,33,943.286,10.197
2,11,4,2,1.6467578046597215,0.24081875842904338,0.37058805625390145,1,22,D,11,1019.869,8.037
2,11,4,2,1.6467578046597215,0.24081875842904338,0.37058805625390145,1,22,D,22,1037.399,9.894
2,11,4,2,1.6467578046597215,0.24081875842904338,0.37058805625390145,1,22,D,33,1031.279,9.246
2,11,4,2,1.6467578046597215,0.24081875842904338,0.37058805625390145,1,22,G,11,3521.821,10.819
2,11,4,2,1.6467578046597215,0.24081875842904338,0.37058805625390145,1,22,G,22,3435.9,8.115
2,11,4,2,1.6467578046597215,0.24081875842904338,0.37058805625390145,1,22,G,33,3482.56,9.583
2,11,4,2,1.6467578046597215,0.24081875842904338,0.37058805625390145,1,22,I,11,744.379,9.467
2,11,4,2,1.6467578046597215,0.24081875842904338,0.37058805625390145,1,22,I,22,749.029,10.151
2,11,4,2,1.6467578046597215,0.24081875842904338,0.37058805625390145,1,22,I,33,735.056,8.096
2,11,4,2,1.6467578046597215,0.24081875842904338,0.37058805625390145,1,22,K,11,975.55,13.966
2,11,4,2,1.6467578046597215,0.24081875842904338,0.37058805625390145,1,22,K,22,959.225,12.059
2,11,4,2,1.6467578046597215,0.24081875842904338,0.37058805625390145,1,22,K,33,943.286,10.197
3,9,2,2,1.023715842323917,0.936714608107535,0.37346817350716505,4,47,D,11,1033.563,9.488
3,9,2,2,1.023715842323917,0.936714608107535,0.37346817350716505,4,47,D,22,1031.786,9.299
3,9,2,2,1.023715842323917,0.936714608107535,0.37346817350716505,4,47,D,33,1033.355,9.466
3,9,2,2,1.023715842323917,0.936714608107535,0.37346817350716505,4,47,G,11,3521.821,10.819
3,9,2,2,1.023715842323917,0.936714608107535,0.37346817350716505,4,47,G,22,3516.675,10.657
3,9,2,2,1.023715842323917,0.936714608107535,0.37346817350716505,4,47,G,33,3529.572,11.063
3,9,2,2,1.023715842323917,0.936714608107535,0.37346817350716505,4,47,I,11,739.689,8.778
3,9,2,2,1.023715842323917,0.936714608107535,0.37346817350716505,4,47,I,22,746.882,9.836
3,9,2,2,1.023715842323917,0.936714608107535,0.37346817350716505,4,47,I,33,735.056,8.096
3,9,2,2,1.023715842323917,0.936714608107535,0.37346817350716505,4,47,K,11,973.744,13.755
3,9,2,2,1.023715842323917,0.936714608107535,0.37346817350716505,4,47,K,22,959.225,12.059
3,9,2,2,1.023715842323917,0.936714608107535,0.37346817350716505,4,47,K,33,954.944,11.559
4,14,2,3,0.8422656637061361,0.38228276539969164,0.554661522920229,1,28,D,11,1046.936,10.904
4,14,2,3,0.8422656637061361,0.38228276539969164,0.554661522920229,1,28,D,22,1031.786,9.299
4,14,2,3,0.8422656637061361,0.38228276539969164,0.554661522920229,1,28,D,33,1031.279,9.246
4,14,2,3,0.8422656637061361,0.38228276539969164,0.554661522920229,1,28,G,11,3511.706,10.501
4,14,2,3,0.8422656637061361,0.38228276539969164,0.554661522920229,1,28,G,22,3435.9,8.115
4,14,2,3,0.8422656637061361,0.38228276539969164,0.554661522920229,1,28,G,33,3579.71,12.64
4,14,2,3,0.8422656637061361,0.38228276539969164,0.554661522920229,1,28,I,11,744.379,9.467
4,14,2,3,0.8422656637061361,0.38228276539969164,0.554661522920229,1,28,I,22,749.029,10.151
4,14,2,3,0.8422656637061361,0.38228276539969164,0.554661522920229,1,28,I,33,735.056,8.096
4,14,2,3,0.8422656637061361,0.38228276539969164,0.554661522920229,1,28,K,11,975.55,13.966
4,14,2,3,0.8422656637061361,0.38228276539969164,0.554661522920229,1,28,K,22,959.225,12.059
4,14,2,3,0.8422656637061361,0.38228276539969164,0.554661522920229,1,28,K,33,943.286,10.197
5,12,2,3,1.5913074082793683,0.2407864779661967,0.5878456099557895,4,15,D,11,1046.936,10.904
5,12,2,3,1.5913074082793683,0.2407864779661967,0.5878456099557895,4,15,D,22,1027.39,8.834
5,12,2,3,1.5913074082793683,0.2407864779661967,0.5878456099557895,4,15,D,33,1031.279,9.246
5,12,2,3,1.5913074082793683,0.2407864779661967,0.5878456099557895,4,15,G,11,3521.821,10.819
5,12,2,3,1.5913074082793683,0.2407864779661967,0.5878456099557895,4,15,G,22,3574.637,12.481
5,12,2,3,1.5913074082793683,0.2407864779661967,0.5878456099557895,4,15,G,33,3482.56,9.583
5,12,2,3,1.5913074082793683,0.2407864779661967,0.5878456099557895,4,15,I,11,759.643,11.712
5,12,2,3,1.5913074082793683,0.2407864779661967,0.5878456099557895,4,15,I,22,736.435,8.299
5,12,2,3,1.5913074082793683,0.2407864779661967,0.5878456099557895,4,15,I,33,735.056,8.096
5,12,2,3,1.5913074082793683,0.2407864779661967,0.5878456099557895,4,15,K,11,983.461,14.89
5,12,2,3,1.5913074082793683,0.2407864779661967,0.5878456099557895,4,15,K,22,959.225,12.059
5,12,2,3,1.5913074082793683,0.2407864779661967,0.5878456099557895,4,15,K,33,943.286,10.197
6,6,1,4,1.1597682715301314,0.4640133877774359,0.677506142301577,2,56,D,11,1033.563,9.488
6,6,1,4,1.1597682715301314,0.4640133877774359,0.677506142301577,2,56,D,22,1031.786,9.299
6,6,1,4,1.1597682715301314,0.4640133877774359,0.677506142301577,2,56,D,33,1033.355,9.466
6,6,1,4,1.1597682715301314,0.4640133877774359,0.677506142301577,2,56,G,11,3521.821,10.819
6,6,1,4,1.1597682715301314,0.4640133877774359,0.677506142301577,2,56,G,22,3516.675,10.657
6,6,1,4,1.1597682715301314,0.4640133877774359,0.677506142301577,2,56,G,33,3529.572,11.063
6,6,1,4,1.1597682715301314,0.4640133877774359,0.677506142301577,2,56,I,11,739.689,8.778
6,6,1,4,1.1597682715301314,0.4640133877774359,0.677506142301577,2,56,I,22,746.882,9.836
6,6,1,4,1.1597682715301314,0.4640133877774359,0.677506142301577,2,56,I,33,735.056,8.096
6,6,1,4,1.1597682715301314,0.4640133877774359,0.677506142301577,2,56,K,11,955.863,11.666
6,6,1,4,1.1597682715301314,0.4640133877774359,0.677506142301577,2,56,K,22,959.225,12.059
6,6,1,4,1.1597682715301314,0.4640133877774359,0.677506142301577,2,56,K,33,954.944,11.559
7,13,4,4,1.0365149713171733,0.8669397010496103,0.5200680438979062,2,26,D,11,1046.936,10.904
7,13,4,4,1.0365149713171733,0.8669397010496103,0.5200680438979062,2,26,D,22,1031.786,9.299
7,13,4,4,1.0365149713171733,0.8669397010496103,0.5200680438979062,2,26,D,33,1031.279,9.246
7,13,4,4,1.0365149713171733,0.8669397010496103,0.5200680438979062,2,26,G,11,3521.821,10.819
7,13,4,4,1.0365149713171733,0.8669397010496103,0.5200680438979062,2,26,G,22,3435.9,8.115
7,13,4,4,1.0365149713171733,0.8669397010496103,0.5200680438979062,2,26,G,33,3482.56,9.583
7,13,4,4,1.0365149713171733,0.8669397010496103,0.5200680438979062,2,26,I,11,744.379,9.467
7,13,4,4,1.0365149713171733,0.8669397010496103,0.5200680438979062,2,26,I,22,749.029,10.151
7,13,4,4,1.0365149713171733,0.8669397010496103,0.5200680438979062,2,26,I,33,735.056,8.096
7,13,4,4,1.0365149713171733,0.8669397010496103,0.5200680438979062,2,26,K,11,975.55,13.966
7,13,4,4,1.0365149713171733,0.8669397010496103,0.5200680438979062,2,26,K,22,959.225,12.059
7,13,4,4,1.0365149713171733,0.8669397010496103,0.5200680438979062,2,26,K,33,943.286,10.197
8,13,1,2,0.5585381441606,0.8855892260513489,0.4710624471513246,4,19,D,11,1046.936,10.904
8,13,1,2,0.5585381441606,0.8855892260513489,0.4710624471513246,4,19,D,22,1049.069,11.13
8,13,1,2,0.5585381441606,0.8855892260513489,0.4710624471513246,4,19,D,33,1031.279,9.246
8,13,1,2,0.5585381441606,0.8855892260513489,0.4710624471513246,4,19,G,11,3521.821,10.819
8,13,1,2,0.5585381441606,0.8855892260513489,0.4710624471513246,4,19,G,22,3574.637,12.481
8,13,1,2,0.5585381441606,0.8855892260513489,0.4710624471513246,4,19,G,33,3482.56,9.583
8,13,1,2,0.5585381441606,0.8855892260513489,0.4710624471513246,4,19,I,11,759.643,11.712
8,13,1,2,0.5585381441606,0.8855892260513489,0.4710624471513246,4,19,I,22,749.029,10.151
8,13,1,2,0.5585381441606,0.8855892260513489,0.4710624471513246,4,19,I,33,735.056,8.096
8,13,1,2,0.5585381441606,0.8855892260513489,0.4710624471513246,4,19,K,11,983.461,14.89
8,13,1,2,0.5585381441606,0.8855892260513489,0.4710624471513246,4,19,K,22,959.225,12.059
8,13,1,2,0.5585381441606,0.8855892260513489,0.4710624471513246,4,19,K,33,943.286,10.197
9,9,4,2,0.6197644435854951,0.3110708127477089,0.4703066755930349,4,32,D,11,1033.563,9.488
9,9,4,2,0.6197644435854951,0.3110708127477089,0.4703066755930349,4,32,D,22,1031.786,9.299
9,9,4,2,0.6197644435854951,0.3110708127477089,0.4703066755930349,4,32,D,33,1031.279,9.246
9,9,4,2,0.6197644435854951,0.3110708127477089,0.4703066755930349,4,32,G,11,3521.821,10.819
9,9,4,2,0.6197644435854951,0.3110708127477089,0.4703066755930349,4,32,G,22,3534.706,11.224
9,9,4,2,0.6197644435854951,0.3110708127477089,0.4703066755930349,4,32,G,33,3579.71,12.64
9,9,4,2,0.6197644435854951,0.3110708127477089,0.4703066755930349,4,32,I,11,744.379,9.467
9,9,4,2,0.6197644435854951,0.3110708127477089,0.4703066755930349,4,32,I,22,749.029,10.151
9,9,4,2,0.6197644435854951,0.3110708127477089,0.4703066755930349,4,32,I,33,735.056,8.096
9,9,4,2,0.6197644435854951,0.3110708127477089,0.4703066755930349,4,32,K,11,975.55,13.966
9,9,4,2,0.6197644435854951,0.3110708127477089,0.4703066755930349,4,32,K,22,959.225,12.059
9,9,4,2,0.6197644435854951,0.3110708127477089,0.4703066755930349,4,32,K,33,943.286,10.197
10,6,3,3,1.0989346548411891,0.4030096277096811,0.6893038619475229,2,49,D,11,1033.563,9.488
10,6,3,3,1.0989346548411891,0.4030096277096811,0.6893038619475229,2,49,D,22,1031.786,9.299
10,6,3,3,1.0989346548411891,0.4030096277096811,0.6893038619475229,2,49,D,33,1033.355,9.466
10,6,3,3,1.0989346548411891,0.4030096277096811,0.6893038619475229,2,49,G,11,3521.821,10.819
10,6,3,3,1.0989346548411891,0.4030096277096811,0.6893038619475229,2,49,G,22,3516.675,10.657
10,6,3,3,1.0989346548411891,0.4030096277096811,0.6893038619475229,2,49,G,33,3529.572,11.063
10,6,3,3,1.0989346548411891,0.4030096277096811,0.6893038619475229,2,49,I,11,739.689,8.778
10,6,3,3,1.0989346548411891,0.4030096277096811,0.6893038619475229,2,49,I,22,746.882,9.836
10,6,3,3,1.0989346548411891,0.4030096277096811,0.6893038619475229,2,49,I,33,735.056,8.096
10,6,3,3,1.0989346548411891,0.4030096277096811,0.6893038619475229,2,49,K,11,973.744,13.755
10,6,3,3,1.0989346548411891,0.4030096277096811,0.6893038619475229,2,49,K,22,959.225,12.059
10,6,3,3,1.0989346548411891,0.4030096277096811,0.6893038619475229,2,49,K,33,954.944,11.559
11,13,3,4,1.9226671382448277,0.7767644499530828,0.3998186431441924,2,32,D,11,1033.563,9.488
11,13,3,4,1.9226671382448277,0.7767644499530828,0.3998186431441924,2,32,D,22,1031.786,9.299
11,13,3,4,1.9226671382448277,0.7767644499530828,0.3998186431441924,2,32,D,33,1031.279,9.246
11,13,3,4,1.9226671382448277,0.7767644499530828,0.3998186431441924,2,32,G,11,3521.821,10.819
11,13,3,4,1.9226671382448277,0.7767644499530828,0.3998186431441924,2,32,G,22,3534.706,11.224
11,13,3,4,1.9226671382448277,0.7767644499530828,0.3998186431441924,2,32,G,33,3579.71,12.64
11,13,3,4,1.9226671382448277,0.7767644499530828,0.3998186431441924,2,32,I,11,744.379,9.467
11,13,3,4,1.9226671382448277,0.7767644499530828,0.3998186431441924,2,32,I,22,749.029,10.151
11,13,3,4,1.9226671382448277,0.7767644499530828,0.3998186431441924,2,32,I,33,735.056,8.096
11,13,3,4,1.9226671382448277,0.7767644499530828,0.3998186431441924,2,32,K,11,975.55,13.966
11,13,3,4,1.9226671382448277,0.7767644499530828,0.3998186431441924,2,32,K,22,959.225,12.059
11,13,3,4,1.9226671382448277,0.7767644499530828,0.3998186431441924,2,32,K,33,943.286,10.197
12,12,3,3,1.585455163809495,0.8717306402217964,0.7615478279426754,3,30,D,11,1046.936,10.904
12,12,3,3,1.585455163809495,0.8717306402217964,0.7615478279426754,3,30,D,22,1031.786,9.299
12,12,3,3,1.585455163809495,0.8717306402217964,0.7615478279426754,3,30,D,33,1031.279,9.246
12,12,3,3,1.585455163809495,0.8717306402217964,0.7615478279426754,3,30,G,11,3521.821,10.819
12,12,3,3,1.585455163809495,0.8717306402217964,0.7615478279426754,3,30,G,22,3542.336,11.464
12,12,3,3,1.585455163809495,0.8717306402217964,0.7615478279426754,3,30,G,33,3579.71,12.64
12,12,3,3,1.585455163809495,0.8717306402217964,0.7615478279426754,3,30,I,11,744.379,9.467
12,12,3,3,1.585455163809495,0.8717306402217964,0.7615478279426754,3,30,I,22,749.029,10.151
12,12,3,3,1.585455163809495,0.8717306402217964,0.7615478279426754,3,30,I,33,735.056,8.096
12,12,3,3,1.585455163809495,0.8717306402217964,0.7615478279426754,3,30,K,11,975.55,13.966
12,12,3,3,1.585455163809495,0.8717306402217964,0.7615478279426754,3,30,K,22,959.225,12.059
12,12,3,3,1.585455163809495,0.8717306402217964,0.7615478279426754,3,30,K,33,943.286,10.197
13,11,3,3,1.931930154616858,0.6377295583018329,0.3231807018348912,1,43,D,11,1033.563,9.488
13,11,3,3,1.931930154616858,0.6377295583018329,0.3231807018348912,1,43,D,22,1031.786,9.299
13,11,3,3,1.931930154616858,0.6377295583018329,0.3231807018348912,1,43,D,33,1033.355,9.466
13,11,3,3,1.931930154616858,0.6377295583018329,0.3231807018348912,1,43,G,11,3521.821,10.819
13,11,3,3,1.931930154616858,0.6377295583018329,0.3231807018348912,1,43,G,22,3516.675,10.657
13,11,3,3,1.931930154616858,0.6377295583018329,0.3231807018348912,1,43,G,33,3529.572,11.063
13,11,3,3,1.931930154616858,0.6377295583018329,0.3231807018348912,1,43,I,11,739.689,8.778
13,11,3,3,1.931930154616858,0.6377295583018329,0.3231807018348912,1,43,I,22,749.029,10.151
13,11,3,3,1.931930154616858,0.6377295583018329,0.3231807018348912,1,43,I,33,735.056,8.096
13,11,3,3,1.931930154616858,0.6377295583018329,0.3231807018348912,1,43,K,11,975.55,13.966
13,11,3,3,1.931930154616858,0.6377295583018329,0.3231807018348912,1,43,K,22,959.225,12.059
13,11,3,3,1.931930154616858,0.6377295583018329,0.3231807018348912,1,43,K,33,954.944,11.559
14,11,4,3,1.482608573433461,0.59951485924359,0.3160492692414735,1,41,D,11,1033.563,9.488
14,11,4,3,1.482608573433461,0.59951485924359,0.3160492692414735,1,41,D,22,1031.786,9.299
14,11,4,3,1.482608573433461,0.59951485924359,0.3160492692414735,1,41,D,33,1033.355,9.466
14,11,4,3,1.482608573433461,0.59951485924359,0.3160492692414735,1,41,G,11,3521.821,10.819
14,11,4,3,1.482608573433461,0.59951485924359,0.3160492692414735,1,41,G,22,3516.675,10.657
14,11,4,3,1.482608573433461,0.59951485924359,0.3160492692414735,1,41,G,33,3529.572,11.063
14,11,4,3,1.482608573433461,0.59951485924359,0.3160492692414735,1,41,I,11,739.689,8.778
14,11,4,3,1.482608573433461,0.59951485924359,0.3160492692414735,1,41,I,22,749.029,10.151
14,11,4,3,1.482608573433461,0.59951485924359,0.3160492692414735,1,41,I,33,735.056,8.096
14,11,4,3,1.482608573433461,0.59951485924359,0.3160492692414735,1,41,K,11,975.55,13.966
14,11,4,3,1.482608573433461,0.59951485924359,0.3160492692414735,1,41,K,22,959.225,12.059
14,11,4,3,1.482608573433461,0.59951485924359,0.3160492692414735,1,41,K,33,954.944,11.559
15,11,4,4,1.5002230949818782,0.6327770910743025,0.3303887873524636,1,23,D,11,1019.869,8.037
15,11,4,4,1.5002230949818782,0.6327770910743025,0.3303887873524636,1,23,D,22,1037.399,9.894
15,11,4,4,1.5002230949818782,0.6327770910743025,0.3303887873524636,1,23,D,33,1031.279,9.246
15,11,4,4,1.5002230949818782,0.6327770910743025,0.3303887873524636,1,23,G,11,3521.821,10.819
15,11,4,4,1.5002230949818782,0.6327770910743025,0.3303887873524636,1,23,G,22,3435.9,8.115
15,11,4,4,1.5002230949818782,0.6327770910743025,0.3303887873524636,1,23,G,33,3482.56,9.583
15,11,4,4,1.5002230949818782,0.6327770910743025,0.3303887873524636,1,23,I,11,744.379,9.467
15,11,4,4,1.5002230949818782,0.6327770910743025,0.3303887873524636,1,23,I,22,749.029,10.151
15,11,4,4,1.5002230949818782,0.6327770910743025,0.3303887873524636,1,23,I,33,735.056,8.096
15,11,4,4,1.5002230949818782,0.6327770910743025,0.3303887873524636,1,23,K,11,975.55,13.966
15,11,4,4,1.5002230949818782,0.6327770910743025,0.3303887873524636,1,23,K,22,959.225,12.059
15,11,4,4,1.5002230949818782,0.6327770910743025,0.3303887873524636,1,23,K,33,943.286,10.197
16,11,4,4,1.7986034528864816,0.6131583245275611,0.34056341890887487,1,10,D,11,1046.936,10.904
16,11,4,4,1.7986034528864816,0.6131583245275611,0.34056341890887487,1,10,D,22,1042.533,10.438
16,11,4,4,1.7986034528864816,0.6131583245275611,0.34056341890887487,1,10,D,33,1031.279,9.246
16,11,4,4,1.7986034528864816,0.6131583245275611,0.34056341890887487,1,10,G,11,3521.821,10.819
16,11,4,4,1.7986034528864816,0.6131583245275611,0.34056341890887487,1,10,G,22,3574.637,12.481
16,11,4,4,1.7986034528864816,0.6131583245275611,0.34056341890887487,1,10,G,33,3482.56,9.583
16,11,4,4,1.7986034528864816,0.6131583245275611,0.34056341890887487,1,10,I,11,759.643,11.712
16,11,4,4,1.7986034528864816,0.6131583245275611,0.34056341890887487,1,10,I,22,754.349,10.934
16,11,4,4,1.7986034528864816,0.6131583245275611,0.34056341890887487,1,10,I,33,735.056,8.096
16,11,4,4,1.7986034528864816,0.6131583245275611,0.34056341890887487,1,10,K,11,965.317,12.771
16,11,4,4,1.7986034528864816,0.6131583245275611,0.34056341890887487,1,10,K,22,959.225,12.059
16,11,4,4,1.7986034528864816,0.6131583245275611,0.34056341890887487,1,10,K,33,943.286,10.197
17,10,4,4,1.3949939553229425,0.20739189975788375,0.47212050523097693,1,11,D,11,1046.936,10.904
17,10,4,4,1.3949939553229425,0.20739189975788375,0.47212050523097693,1,11,D,22,1031.279,9.246
17,10,4,4,1.3949939553229425,0.20739189975788375,0.47212050523097693,1,11,D,33,1026.938,8.786
17,10,4,4,1.3949939553229425,0.20739189975788375,0.47212050523097693,1,11,G,11,3521.821,10.819
17,10,4,4,1.3949939553229425,0.20739189975788375,0.47212050523097693,1,11,G,22,3574.637,12.481
17,10,4,4,1.3949939553229425,0.20739189975788375,0.47212050523097693,1,11,G,33,3482.56,9.583
17,10,4,4,1.3949939553229425,0.20739189975788375,0.47212050523097693,1,11,I,11,759.643,11.712
17,10,4,4,1.3949939553229425,0.20739189975788375,0.47212050523097693,1,11,I,22,736.435,8.299
17,10,4,4,1.3949939553229425,0.20739189975788375,0.47212050523097693,1,11,I,33,735.056,8.096
17,10,4,4,1.3949939553229425,0.20739189975788375,0.47212050523097693,1,11,K,11,982.641,14.794
17,10,4,4,1.3949939553229425,0.20739189975788375,0.47212050523097693,1,11,K,22,959.225,12.059
17,10,4,4,1.3949939553229425,0.20739189975788375,0.47212050523097693,1,11,K,33,943.286,10.197
18,10,4,4,1.4117100937135993,0.5556532631252928,0.31000406477402304,1,13,D,11,1030.928,9.208
18,10,4,4,1.4117100937135993,0.5556532631252928,0.31000406477402304,1,13,D,22,1049.069,11.13
18,10,4,4,1.4117100937135993,0.5556532631252928,0.31000406477402304,1,13,D,33,1031.279,9.246
18,10,4,4,1.4117100937135993,0.5556532631252928,0.31000406477402304,1,13,G,11,3521.821,10.819
18,10,4,4,1.4117100937135993,0.5556532631252928,0.31000406477402304,1,13,G,22,3574.637,12.481
18,10,4,4,1.4117100937135993,0.5556532631252928,0.31000406477402304,1,13,G,33,3482.56,9.583
18,10,4,4,1.4117100937135993,0.5556532631252928,0.31000406477402304,1,13,I,11,759.643,11.712
18,10,4,4,1.4117100937135993,0.5556532631252928,0.31000406477402304,1,13,I,22,736.435,8.299
18,10,4,4,1.4117100937135993,0.5556532631252928,0.31000406477402304,1,13,I,33,735.056,8.096
18,10,4,4,1.4117100937135993,0.5556532631252928,0.31000406477402304,1,13,K,11,982.641,14.794
18,10,4,4,1.4117100937135993,0.5556532631252928,0.31000406477402304,1,13,K,22,959.225,12.059
18,10,4,4,1.4117100937135993,0.5556532631252928,0.31000406477402304,1,13,K,33,943.286,10.197
19,10,4,2,1.7708584358893802,0.5430675368127997,0.4149207901391395,1,10,D,11,1046.936,10.904
19,10,4,2,1.7708584358893802,0.5430675368127997,0.4149207901391395,1,10,D,22,1049.069,11.13
19,10,4,2,1.7708584358893802,0.5430675368127997,0.4149207901391395,1,10,D,33,1031.279,9.246
19,10,4,2,1.7708584358893802,0.5430675368127997,0.4149207901391395,1,10,G,11,3521.821,10.819
19,10,4,2,1.7708584358893802,0.5430675368127997,0.4149207901391395,1,10,G,22,3574.637,12.481
19,10,4,2,1.7708584358893802,0.5430675368127997,0.4149207901391395,1,10,G,33,3482.56,9.583
19,10,4,2,1.7708584358893802,0.5430675368127997,0.4149207901391395,1,10,I,11,759.643,11.712
19,10,4,2,1.7708584358893802,0.5430675368127997,0.4149207901391395,1,10,I,22,754.349,10.934
19,10,4,2,1.7708584358893802,0.5430675368127997,0.4149207901391395,1,10,I,33,735.056,8.096
19,10,4,2,1.7708584358893802,0.5430675368127997,0.4149207901391395,1,10,K,11,965.317,12.771
19,10,4,2,1.7708584358893802,0.5430675368127997,0.4149207901391395,1,10,K,22,959.225,12.059
19,10,4,2,1.7708584358893802,0.5430675368127997,0.4149207901391395,1,10,K,33,943.286,10.197
20,9,4,2,1.357854604147208,0.5124983933871926,0.4181216414567864,1,23,D,11,1019.869,8.037
20,9,4,2,1.357854604147208,0.5124983933871926,0.4181216414567864,1,23,D,22,1037.399,9.894
20,9,4,2,1.357854604147208,0.5124983933871926,0.4181216414567864,1,23,D,33,1031.279,9.246
20,9,4,2,1.357854604147208,0.5124983933871926,0.4181216414567864,1,23,G,11,3521.821,10.819
20,9,4,2,1.357854604147208,0.5124983933871926,0.4181216414567864,1,23,G,22,3435.9,8.115
20,9,4,2,1.357854604147208,0.5124983933871926,0.4181216414567864,1,23,G,33,3482.56,9.583
20,9,4,2,1.357854604147208,0.5124983933871926,0.4181216414567864,1,23,I,11,744.379,9.467
20,9,4,2,1.357854604147208,0.5124983933871926,0.4181216414567864,1,23,I,22,749.029,10.151
20,9,4,2,1.357854604147208,0.5124983933871926,0.4181216414567864,1,23,I,33,735.056,8.096
20,9,4,2,1.357854604147208,0.5124983933871926,0.4181216414567864,1,23,K,11,975.55,13.966
20,9,4,2,1.357854604147208,0.5124983933871926,0.4181216414567864,1,23,K,22,959.225,12.059
20,9,4,2,1.357854604147208,0.5124983933871926,0.4181216414567864,1,23,K,33,943.286,10.197
21,9,3,2,1.712982588303035,0.5453389817426388,0.40825037414239596,1,21,D,11,1046.936,10.904
21,9,3,2,1.712982588303035,0.5453389817426388,0.40825037414239596,1,21,D,22,1049.069,11.13
21,9,3,2,1.712982588303035,0.5453389817426388,0.40825037414239596,1,21,D,33,1031.279,9.246
21,9,3,2,1.712982588303035,0.5453389817426388,0.40825037414239596,1,21,G,11,3521.821,10.819
21,9,3,2,1.712982588303035,0.5453389817426388,0.40825037414239596,1,21,G,22,3435.9,8.115
21,9,3,2,1.712982588303035,0.5453389817426388,0.40825037414239596,1,21,G,33,3482.56,9.583
21,9,3,2,1.712982588303035,0.5453389817426388,0.40825037414239596,1,21,I,11,744.379,9.467
21,9,3,2,1.712982588303035,0.5453389817426388,0.40825037414239596,1,21,I,22,749.029,10.151
21,9,3,2,1.712982588303035,0.5453389817426388,0.40825037414239596,1,21,I,33,735.056,8.096
21,9,3,2,1.712982588303035,0.5453389817426388,0.40825037414239596,1,21,K,11,975.55,13.966
21,9,3,2,1.712982588303035,0.5453389817426388,0.40825037414239596,1,21,K,22,959.225,12.059
21,9,3,2,1.712982588303035,0.5453389817426388,0.40825037414239596,1,21,K,33,943.286,10.197
22,9,3,2,1.7110500747300583,0.7461126082647436,0.41052489087072547,3,23,D,11,1019.869,8.037
22,9,3,2,1.7110500747300583,0.7461126082647436,0.41052489087072547,3,23,D,22,1037.399,9.894
22,9,3,2,1.7110500747300583,0.7461126082647436,0.41052489087072547,3,23,D,33,1031.279,9.246
22,9,3,2,1.7110500747300583,0.7461126082647436,0.41052489087072547,3,23,G,11,3521.821,10.819
22,9,3,2,1.7110500747300583,0.7461126082647436,0.41052489087072547,3,23,G,22,3435.9,8.115
22,9,3,2,1.7110500747300583,0.7461126082647436,0.41052489087072547,3,23,G,33,3482.56,9.583
22,9,3,2,1.7110500747300583,0.7461126082647436,0.41052489087072547,3,23,I,11,744.379,9.467
22,9,3,2,1.7110500747300583,0.7461126082647436,0.41052489087072547,3,23,I,22,749.029,10.151
22,9,3,2,1.7110500747300583,0.7461126082647436,0.41052489087072547,3,23,I,33,735.056,8.096
22,9,3,2,1.7110500747300583,0.7461126082647436,0.41052489087072547,3,23,K,11,975.55,13.966
22,9,3,2,1.7110500747300583,0.7461126082647436,0.41052489087072547,3,23,K,22,959.225,12.059
22,9,3,2,1.7110500747300583,0.7461126082647436,0.41052489087072547,3,23,K,33,943.286,10.197
23,9,3,2,1.7172335012777153,0.7428733388939839,0.4236431243179365,3,23,D,11,1019.869,8.037
23,9,3,2,1.7172335012777153,0.7428733388939839,0.4236431243179365,3,23,D,22,1037.399,9.894
23,9,3,2,1.7172335012777153,0.7428733388939839,0.4236431243179365,3,23,D,33,1031.279,9.246
23,9,3,2,1.7172335012777153,0.7428733388939839,0.4236431243179365,3,23,G,11,3521.821,10.819
23,9,3,2,1.7172335012777153,0.7428733388939839,0.4236431243179365,3,23,G,22,3435.9,8.115
23,9,3,2,1.7172335012777153,0.7428733388939839,0.4236431243179365,3,23,G,33,3482.56,9.583
23,9,3,2,1.7172335012777153,0.7428733388939839,0.4236431243179365,3,23,I,11,744.379,9.467
23,9,3,2,1.7172335012777153,0.7428733388939839,0.4236431243179365,3,23,I,22,749.029,10.151
23,9,3,2,1.7172335012777153,0.7428733388939839,0.4236431243179365,3,23,I,33,735.056,8.096
23,9,3,2,1.7172335012777153,0.7428733388939839,0.4236431243179365,3,23,K,11,975.55,13.966
23,9,3,2,1.7172335012777153,0.7428733388939839,0.4236431243179365,3,23,K,22,959.225,12.059
23,9,3,2,1.7172335012777153,0.7428733388939839,0.4236431243179365,3,23,K,33,943.286,10.197
24,9,3,2,1.3281998295558204,0.7535319563832386,0.37916316541271733,2,22,D,11,1019.869,8.037
24,9,3,2,1.3281998295558204,0.7535319563832386,0.37916316541271733,2,22,D,22,1037.399,9.894
24,9,3,2,1.3281998295558204,0.7535319563832386,0.37916316541271733,2,22,D,33,1031.279,9.246
24,9,3,2,1.3281998295558204,0.7535319563832386,0.37916316541271733,2,22,G,11,3521.821,10.819
24,9,3,2,1.3281998295558204,0.7535319563832386,0.37916316541271733,2,22,G,22,3435.9,8.115
24,9,3,2,1.3281998295558204,0.7535319563832386,0.37916316541271733,2,22,G,33,3482.56,9.583
24,9,3,2,1.3281998295558204,0.7535319563832386,0.37916316541271733,2,22,I,11,744.379,9.467
24,9,3,2,1.3281998295558204,0.7535319563832386,0.37916316541271733,2,22,I,22,749.029,10.151
24,9,3,2,1.3281998295558204,0.7535319563832386,0.37916316541271733,2,22,I,33,735.056,8.096
24,9,3,2,1.3281998295558204,0.7535319563832386,0.37916316541271733,2,22,K,11,975.55,13.966
24,9,3,2,1.3281998295558204,0.7535319563832386,0.37916316541271733,2,22,K,22,959.225,12.059
24,9,3,2,1.3281998295558204,0.7535319563832386,0.37916316541271733,2,22,K,33,943.286,10.197
25,8,3,2,1.3249529959342092,0.7266933265625931,0.3706719613317912,2,24,D,11,1046.936,10.904
25,8,3,2,1.3249529959342092,0.7266933265625931,0.3706719613317912,2,24,D,22,1037.399,9.894
25,8,3,2,1.3249529959342092,0.7266933265625931,0.3706719613317912,2,24,D,33,1031.279,9.246
25,8,3,2,1.3249529959342092,0.7266933265625931,0.3706719613317912,2,24,G,11,3521.821,10.819
25,8,3,2,1.3249529959342092,0.7266933265625931,0.3706719613317912,2,24,G,22,3435.9,8.115
25,8,3,2,1.3249529959342092,0.7266933265625931,0.3706719613317912,2,24,G,33,3482.56,9.583
25,8,3,2,1.3249529959342092,0.7266933265625931,0.3706719613317912,2,24,I,11,744.379,9.467
25,8,3,2,1.3249529959342092,0.7266933265625931,0.3706719613317912,2,24,I,22,749.029,10.151
25,8,3,2,1.3249529959342092,0.7266933265625931,0.3706719613317912,2,24,I,33,735.056,8.096
25,8,3,2,1.3249529959342092,0.7266933265625931,0.3706719613317912,2,24,K,11,975.55,13.966
25,8,3,2,1.3249529959342092,0.7266933265625931,0.3706719613317912,2,24,K,22,959.225,12.059
25,8,3,2,1.3249529959342092,0.7266933265625931,0.3706719613317912,2,24,K,33,943.286,10.197
26,8,4,2,1.32302692748124,0.30892802480125947,0.3595029543827577,2,37,D,11,1033.563,9.488
26,8,4,2,1.32302692748124,0.30892802480125947,0.3595029543827577,2,37,D,22,1031.786,9.299
26,8,4,2,1.32302692748124,0.30892802480125947,0.3595029543827577,2,37,D,33,1033.355,9.466
26,8,4,2,1.32302692748124,0.30892802480125947,0.3595029543827577,2,37,G,11,3521.821,10.819
26,8,4,2,1.32302692748124,0.30892802480125947,0.3595029543827577,2,37,G,22,3516.675,10.657
26,8,4,2,1.32302692748124,0.30892802480125947,0.3595029543827577,2,37,G,33,3529.572,11.063
26,8,4,2,1.32302692748124,0.30892802480125947,0.3595029543827577,2,37,I,11,739.689,8.778
26,8,4,2,1.32302692748124,0.30892802480125947,0.3595029543827577,2,37,I,22,749.029,10.151
26,8,4,2,1.32302692748124,0.30892802480125947,0.3595029543827577,2,37,I,33,735.056,8.096
26,8,4,2,1.32302692748124,0.30892802480125947,0.3595029543827577,2,37,K,11,975.55,13.966
26,8,4,2,1.32302692748124,0.30892802480125947,0.3595029543827577,2,37,K,22,959.225,12.059
26,8,4,2,1.32302692748124,0.30892802480125947,0.3595029543827577,2,37,K,33,943.286,10.197
27,8,4,3,1.3126777044214288,0.3219731967976444,0.35770816979156606,2,38,D,11,1033.563,9.488
27,8,4,3,1.3126777044214288,0.3219731967976444,0.35770816979156606,2,38,D,22,1031.786,9.299
27,8,4,3,1.3126777044214288,0.3219731967976444,0.35770816979156606,2,38,D,33,1033.355,9.466
27,8,4,3,1.3126777044214288,0.3219731967976444,0.35770816979156606,2,38,G,11,3521.821,10.819
27,8,4,3,1.3126777044214288,0.3219731967976444,0.35770816979156606,2,38,G,22,3516.675,10.657
27,8,4,3,1.3126777044214288,0.3219731967976444,0.35770816979156606,2,38,G,33,3529.572,11.063
27,8,4,3,1.3126777044214288,0.3219731967976444,0.35770816979156606,2,38,I,11,739.689,8.778
27,8,4,3,1.3126777044214288,0.3219731967976444,0.35770816979156606,2,38,I,22,749.029,10.151
27,8,4,3,1.3126777044214288,0.3219731967976444,0.35770816979156606,2,38,I,33,735.056,8.096
27,8,4,3,1.3126777044214288,0.3219731967976444,0.35770816979156606,2,38,K,11,975.55,13.966
27,8,4,3,1.3126777044214288,0.3219731967976444,0.35770816979156606,2,38,K,22,959.225,12.059
27,8,4,3,1.3126777044214288,0.3219731967976444,0.35770816979156606,2,38,K,33,943.286,10.197
28,8,4,3,1.2719075298006983,0.28889455060554475,0.3547791624614227,2,37,D,11,1033.563,9.488
28,8,4,3,1.2719075298006983,0.28889455060554475,0.3547791624614227,2,37,D,22,1031.786,9.299
28,8,4,3,1.2719075298006983,0.28889455060554475,0.3547791624614227,2,37,D,33,1033.355,9.466
28,8,4,3,1.2719075298006983,0.28889455060554475,0.3547791624614227,2,37,G,11,3521.821,10.819
28,8,4,3,1.2719075298006983,0.28889455060554475,0.3547791624614227,2,37,G,22,3516.675,10.657
28,8,4,3,1.2719075298006983,0.28889455060554475,0.3547791624614227,2,37,G,33,3529.572,11.063
28,8,4,3,1.2719075298006983,0.28889455060554475,0.3547791624614227,2,37,I,11,739.689,8.778
28,8,4,3,1.2719075298006983,0.28889455060554475,0.3547791624614227,2,37,I,22,749.029,10.151
28,8,4,3,1.2719075298006983,0.28889455060554475,0.3547791624614227,2,37,I,33,735.056,8.096
28,8,4,3,1.2719075298006983,0.28889455060554475,0.3547791624614227,2,37,K,11,975.55,13.966
28,8,4,3,1.2719075298006983,0.28889455060554475,0.3547791624614227,2,37,K,22,959.225,12.059
28,8,4,3,1.2719075298006983,0.28889455060554475,0.3547791624614227,2,37,K,33,943.286,10.197
29,12,4,3,1.2569439238605729,0.27408860623687126,0.3522302214520001,1,36,D,11,1033.563,9.488
29,12,4,3,1.2569439238605729,0.27408860623687126,0.3522302214520001,1,36,D,22,1031.786,9.299
29,12,4,3,1.2569439238605729,0.27408860623687126,0.3522302214520001,1,36,D,33,1033.355,9.466
29,12,4,3,1.2569439238605729,0.27408860623687126,0.3522302214520001,1,36,G,11,3521.821,10.819
29,12,4,3,1.2569439238605729,0.27408860623687126,0.3522302214520001,1,36,G,22,3516.675,10.657
29,12,4,3,1.2569439238605729,0.27408860623687126,0.3522302214520001,1,36,G,33,3529.572,11.063
29,12,4,3,1.2569439238605729,0.27408860623687126,0.3522302214520001,1,36,I,11,739.689,8.778
29,12,4,3,1.2569439238605729,0.27408860623687126,0.3522302214520001,1,36,I,22,749.029,10.151
29,12,4,3,1.2569439238605729,0.27408860623687126,0.3522302214520001,1,36,I,33,735.056,8.096
29,12,4,3,1.2569439238605729,0.27408860623687126,0.3522302214520001,1,36,K,11,975.55,13.966
29,12,4,3,1.2569439238605729,0.27408860623687126,0.3522302214520001,1,36,K,22,959.225,12.059
29,12,4,3,1.2569439238605729,0.27408860623687126,0.3522302214520001,1,36,K,33,943.286,10.197
