trial_number,initial_temp,cooling_rate,iterations_per_temp,construction_iterations,instance,seed,obj_val,gap_pct
0,36.13475446670582,0.9774127352508348,77,35,D,11,1006.19,6.588
0,36.13475446670582,0.9774127352508348,77,35,D,22,992.392,5.126
0,36.13475446670582,0.9774127352508348,77,35,D,33,1024.26,8.502
0,36.13475446670582,0.9774127352508348,77,35,G,11,3391.472,6.717
0,36.13475446670582,0.9774127352508348,77,35,G,22,3327.573,4.707
0,36.13475446670582,0.9774127352508348,77,35,G,33,3386.043,6.546
0,36.13475446670582,0.9774127352508348,77,35,I,11,729.586,7.292
0,36.13475446670582,0.9774127352508348,77,35,I,22,733.609,7.884
0,36.13475446670582,0.9774127352508348,77,35,I,33,735.056,8.096
0,36.13475446670582,0.9774127352508348,77,35,K,11,910.986,6.424
0,36.13475446670582,0.9774127352508348,77,35,K,22,919.92,7.467
0,36.13475446670582,0.9774127352508348,77,35,K,33,925.724,8.145
1,59.071416228555236,0.9549748824803244,122,29,D,11,1006.132,6.582
1,59.071416228555236,0.9549748824803244,122,29,D,22,992.334,5.12
1,59.071416228555236,0.9549748824803244,122,29,D,33,1024.26,8.502
1,59.071416228555236,0.9549748824803244,122,29,G,11,3390.167,6.676
1,59.071416228555236,0.9549748824803244,122,29,G,22,3372.485,6.12
1,59.071416228555236,0.9549748824803244,122,29,G,33,3387.099,6.58
1,59.071416228555236,0.9549748824803244,122,29,I,11,729.586,7.292
1,59.071416228555236,0.9549748824803244,122,29,I,22,733.609,7.884
1,59.071416228555236,0.9549748824803244,122,29,I,33,735.056,8.096
1,59.071416228555236,0.9549748824803244,122,29,K,11,905.615,5.796
1,59.071416228555236,0.9549748824803244,122,29,K,22,919.92,7.467
1,59.071416228555236,0.9549748824803244,122,29,K,33,925.724,8.145
2,185.033996342496,0.998981584177823,11,36,D,11,1006.19,6.588
2,185.033996342496,0.998981584177823,11,36,D,22,992.392,5.126
2,185.033996342496,0.998981584177823,11,36,D,33,1024.26,8.502
2,185.033996342496,0.998981584177823,11,36,G,11,3391.472,6.717
2,185.033996342496,0.998981584177823,11,36,G,22,3327.573,4.707
2,185.033996342496,0.998981584177823,11,36,G,33,3386.043,6.546
2,185.033996342496,0.998981584177823,11,36,I,11,735.056,8.096
2,185.033996342496,0.998981584177823,11,36,I,22,733.609,7.884
2,185.033996342496,0.998981584177823,11,36,I,33,735.056,8.096
2,185.033996342496,0.998981584177823,11,36,K,11,915.509,6.952
2,185.033996342496,0.998981584177823,11,36,K,22,919.92,7.467
2,185.033996342496,0.998981584177823,11,36,K,33,925.724,8.145
3,34.89537345126753,0.9073917519659914,103,68,D,11,1032.237,9.347
3,34.89537345126753,0.9073917519659914,103,68,D,22,992.392,5.126
3,34.89537345126753,0.9073917519659914,103,68,D,33,989.073,4.775
3,34.89537345126753,0.9073917519659914,103,68,G,11,3521.821,10.819
3,34.89537345126753,0.9073917519659914,103,68,G,22,3516.675,10.657
3,34.89537345126753,0.9073917519659914,103,68,G,33,3529.572,11.063
3,34.89537345126753,0.9073917519659914,103,68,I,11,729.457,7.273
3,34.89537345126753,0.9073917519659914,103,68,I,22,735.056,8.096
3,34.89537345126753,0.9073917519659914,103,68,I,33,735.056,8.096
3,34.89537345126753,0.9073917519659914,103,68,K,11,937.304,9.498
3,34.89537345126753,0.9073917519659914,103,68,K,22,931.974,8.875
3,34.89537345126753,0.9073917519659914,103,68,K,33,936.69,9.426
4,125.82596675251891,0.9350789534212882,35,24,D,11,1006.19,6.588
4,125.82596675251891,0.9350789534212882,35,24,D,22,1006.19,6.588
4,125.82596675251891,0.9350789534212882,35,24,D,33,1024.26,8.502
4,125.82596675251891,0.9350789534212882,35,24,G,11,3388.584,6.626
4,125.82596675251891,0.9350789534212882,35,24,G,22,3438.401,8.194
4,125.82596675251891,0.9350789534212882,35,24,G,33,3387.099,6.58
4,125.82596675251891,0.9350789534212882,35,24,I,11,729.586,7.292
4,125.82596675251891,0.9350789534212882,35,24,I,22,733.609,7.884
4,125.82596675251891,0.9350789534212882,35,24,I,33,735.056,8.096
4,125.82596675251891,0.9350789534212882,35,24,K,11,905.615,5.796
4,125.82596675251891,0.9350789534212882,35,24,K,22,919.92,7.467
4,125.82596675251891,0.9350789534212882,35,24,K,33,924.668,8.022
5,25.576459304612076,0.9633291039694195,21,48,D,11,1006.19,6.588
5,25.576459304612076,0.9633291039694195,21,48,D,22,992.392,5.126
5,25.576459304612076,0.9633291039694195,21,48,D,33,989.073,4.775
5,25.576459304612076,0.9633291039694195,21,48,G,11,3407.444,7.22
5,25.576459304612076,0.9633291039694195,21,48,G,22,3357.659,5.653
5,25.576459304612076,0.9633291039694195,21,48,G,33,3386.043,6.546
5,25.576459304612076,0.9633291039694195,21,48,I,11,735.056,8.096
5,25.576459304612076,0.9633291039694195,21,48,I,22,735.056,8.096
5,25.576459304612076,0.9633291039694195,21,48,I,33,735.056,8.096
5,25.576459304612076,0.9633291039694195,21,48,K,11,928.256,8.441
5,25.576459304612076,0.9633291039694195,21,48,K,22,919.92,7.467
5,25.576459304612076,0.9633291039694195,21,48,K,33,926.23,8.204
6,25.721353630550453,0.9256989988470059,41,44,D,11,1006.19,6.588
6,25.721353630550453,0.9256989988470059,41,44,D,22,992.392,5.126
6,25.721353630550453,0.9256989988470059,41,44,D,33,989.073,4.775
6,25.721353630550453,0.9256989988470059,41,44,G,11,3391.472,6.717
6,25.721353630550453,0.9256989988470059,41,44,G,22,3357.659,5.653
6,25.721353630550453,0.9256989988470059,41,44,G,33,3386.043,6.546
6,25.721353630550453,0.9256989988470059,41,44,I,11,735.056,8.096
6,25.721353630550453,0.9256989988470059,41,44,I,22,733.609,7.884
6,25.721353630550453,0.9256989988470059,41,44,I,33,735.056,8.096
6,25.721353630550453,0.9256989988470059,41,44,K,11,915.509,6.952
6,25.721353630550453,0.9256989988470059,41,44,K,22,919.92,7.467
6,25.721353630550453,0.9256989988470059,41,44,K,33,926.23,8.204
7,44.26676387741283,0.9183941532871067,66,9,D,11,1006.19,6.588
7,44.26676387741283,0.9183941532871067,66,9,D,22,1006.19,6.588
7,44.26676387741283,0.9183941532871067,66,9,D,33,1011.86,7.189
7,44.26676387741283,0.9183941532871067,66,9,G,11,3373.355,6.147
7,44.26676387741283,0.9183941532871067,66,9,G,22,3438.401,8.194
7,44.26676387741283,0.9183941532871067,66,9,G,33,3614.048,13.721
7,44.26676387741283,0.9183941532871067,66,9,I,11,735.056,8.096
7,44.26676387741283,0.9183941532871067,66,9,I,22,757.593,11.411
7,44.26676387741283,0.9183941532871067,66,9,I,33,735.056,8.096
7,44.26676387741283,0.9183941532871067,66,9,K,11,924.607,8.015
7,44.26676387741283,0.9183941532871067,66,9,K,22,920.454,7.53
7,44.26676387741283,0.9183941532871067,66,9,K,33,918.93,7.352
8,87.8767720262886,0.9560347068715694,59,58,D,11,1006.19,6.588
8,87.8767720262886,0.9560347068715694,59,58,D,22,992.392,5.126
8,87.8767720262886,0.9560347068715694,59,58,D,33,989.073,4.775
8,87.8767720262886,0.9560347068715694,59,58,G,11,3521.821,10.819
8,87.8767720262886,0.9560347068715694,59,58,G,22,3516.675,10.657
8,87.8767720262886,0.9560347068715694,59,58,G,33,3529.572,11.063
8,87.8767720262886,0.9560347068715694,59,58,I,11,735.056,8.096
8,87.8767720262886,0.9560347068715694,59,58,I,22,735.056,8.096
8,87.8767720262886,0.9560347068715694,59,58,I,33,735.056,8.096
8,87.8767720262886,0.9560347068715694,59,58,K,11,937.304,9.498
8,87.8767720262886,0.9560347068715694,59,58,K,22,919.92,7.467
8,87.8767720262886,0.9560347068715694,59,58,K,33,936.69,9.426
9,27.26140593904213,0.9716606546746516,106,22,D,11,1006.19,6.588
9,27.26140593904213,0.9716606546746516,106,22,D,22,1006.19,6.588
9,27.26140593904213,0.9716606546746516,106,22,D,33,1024.26,8.502
9,27.26140593904213,0.9716606546746516,106,22,G,11,3390.167,6.676
9,27.26140593904213,0.9716606546746516,106,22,G,22,3449.545,8.545
9,27.26140593904213,0.9716606546746516,106,22,G,33,3387.099,6.58
9,27.26140593904213,0.9716606546746516,106,22,I,11,735.602,8.177
9,27.26140593904213,0.9716606546746516,106,22,I,22,733.609,7.884
9,27.26140593904213,0.9716606546746516,106,22,I,33,735.056,8.096
9,27.26140593904213,0.9716606546746516,106,22,K,11,905.615,5.796
9,27.26140593904213,0.9716606546746516,106,22,K,22,919.92,7.467
9,27.26140593904213,0.9716606546746516,106,22,K,33,924.668,8.022
10,62.25829450318795,0.95285772269537,119,51,D,11,1015.491,7.573
10,62.25829450318795,0.95285772269537,119,51,D,22,992.334,5.12
10,62.25829450318795,0.95285772269537,119,51,D,33,989.073,4.775
10,62.25829450318795,0.95285772269537,119,51,G,11,3410.569,7.318
10,62.25829450318795,0.95285772269537,119,51,G,22,3357.659,5.653
10,62.25829450318795,0.95285772269537,119,51,G,33,3505.189,10.295
10,62.25829450318795,0.95285772269537,119,51,I,11,735.056,8.096
10,62.25829450318795,0.95285772269537,119,51,I,22,735.056,8.096
10,62.25829450318795,0.95285772269537,119,51,I,33,735.056,8.096
10,62.25829450318795,0.95285772269537,119,51,K,11,937.304,9.498
10,62.25829450318795,0.95285772269537,119,51,K,22,919.92,7.467
10,62.25829450318795,0.95285772269537,119,51,K,33,926.23,8.204
11,45.02894469308982,0.9825723510449526,57,60,D,11,1006.19,6.588
11,45.02894469308982,0.9825723510449526,57,60,D,22,992.334,5.12
11,45.02894469308982,0.9825723510449526,57,60,D,33,989.073,4.775
11,45.02894469308982,0.9825723510449526,57,60,G,11,3521.821,10.819
11,45.02894469308982,0.9825723510449526,57,60,G,22,3516.675,10.657
11,45.02894469308982,0.9825723510449526,57,60,G,33,3529.572,11.063
11,45.02894469308982,0.9825723510449526,57,60,I,11,728.935,7.196
11,45.02894469308982,0.9825723510449526,57,60,I,22,735.056,8.096
11,45.02894469308982,0.9825723510449526,57,60,I,33,735.056,8.096
11,45.02894469308982,0.9825723510449526,57,60,K,11,937.304,9.498
11,45.02894469308982,0.9825723510449526,57,60,K,22,919.92,7.467
11,45.02894469308982,0.9825723510449526,57,60,K,33,926.23,8.204
12,195.2343655084004,0.9545224058831867,45,31,D,11,1006.19,6.588
12,195.2343655084004,0.9545224058831867,45,31,D,22,992.392,5.126
12,195.2343655084004,0.9545224058831867,45,31,D,33,1024.26,8.502
12,195.2343655084004,0.9545224058831867,45,31,G,11,3390.167,6.676
12,195.2343655084004,0.9545224058831867,45,31,G,22,3421.086,7.649
12,195.2343655084004,0.9545224058831867,45,31,G,33,3387.099,6.58
12,195.2343655084004,0.9545224058831867,45,31,I,11,729.586,7.292
12,195.2343655084004,0.9545224058831867,45,31,I,22,733.609,7.884
12,195.2343655084004,0.9545224058831867,45,31,I,33,735.056,8.096
12,195.2343655084004,0.9545224058831867,45,31,K,11,910.986,6.424
12,195.2343655084004,0.9545224058831867,45,31,K,22,919.92,7.467
12,195.2343655084004,0.9545224058831867,45,31,K,33,925.724,8.145
13,429.41555771427426,0.9322134487623553,148,52,D,11,1006.19,6.588
13,429.41555771427426,0.9322134487623553,148,52,D,22,992.392,5.126
13,429.41555771427426,0.9322134487623553,148,52,D,33,989.073,4.775
13,429.41555771427426,0.9322134487623553,148,52,G,11,3410.569,7.318
13,429.41555771427426,0.9322134487623553,148,52,G,22,3357.659,5.653
13,429.41555771427426,0.9322134487623553,148,52,G,33,3505.189,10.295
13,429.41555771427426,0.9322134487623553,148,52,I,11,735.056,8.096
13,429.41555771427426,0.9322134487623553,148,52,I,22,735.056,8.096
13,429.41555771427426,0.9322134487623553,148,52,I,33,735.056,8.096
13,429.41555771427426,0.9322134487623553,148,52,K,11,937.304,9.498
13,429.41555771427426,0.9322134487623553,148,52,K,22,919.92,7.467
13,429.41555771427426,0.9322134487623553,148,52,K,33,926.23,8.204
14,372.567568583686,0.9866044166423399,47,43,D,11,1006.19,6.588
14,372.567568583686,0.9866044166423399,47,43,D,22,992.392,5.126
14,372.567568583686,0.9866044166423399,47,43,D,33,989.073,4.775
14,372.567568583686,0.9866044166423399,47,43,G,11,3391.472,6.717
14,372.567568583686,0.9866044166423399,47,43,G,22,3357.659,5.653
14,372.567568583686,0.9866044166423399,47,43,G,33,3386.043,6.546
14,372.567568583686,0.9866044166423399,47,43,I,11,735.056,8.096
14,372.567568583686,0.9866044166423399,47,43,I,22,733.609,7.884
14,372.567568583686,0.9866044166423399,47,43,I,33,735.056,8.096
14,372.567568583686,0.9866044166423399,47,43,K,11,915.509,6.952
14,372.567568583686,0.9866044166423399,47,43,K,22,919.92,7.467
14,372.567568583686,0.9866044166423399,47,43,K,33,926.23,8.204
15,481.86962588268375,0.9306742347336676,146,45,D,11,1006.19,6.588
15,481.86962588268375,0.9306742347336676,146,45,D,22,992.392,5.126
15,481.86962588268375,0.9306742347336676,146,45,D,33,989.073,4.775
15,481.86962588268375,0.9306742347336676,146,45,G,11,3410.569,7.318
15,481.86962588268375,0.9306742347336676,146,45,G,22,3357.659,5.653
15,481.86962588268375,0.9306742347336676,146,45,G,33,3386.043,6.546
15,481.86962588268375,0.9306742347336676,146,45,I,11,735.056,8.096
15,481.86962588268375,0.9306742347336676,146,45,I,22,733.609,7.884
15,481.86962588268375,0.9306742347336676,146,45,I,33,735.056,8.096
15,481.86962588268375,0.9306742347336676,146,45,K,11,915.509,6.952
15,481.86962588268375,0.9306742347336676,146,45,K,22,919.92,7.467
15,481.86962588268375,0.9306742347336676,146,45,K,33,926.23,8.204
16,21.484659664533567,0.9224893817832707,150,42,D,11,1015.491,7.573
16,21.484659664533567,0.9224893817832707,150,42,D,22,992.392,5.126
16,21.484659664533567,0.9224893817832707,150,42,D,33,989.073,4.775
16,21.484659664533567,0.9224893817832707,150,42,G,11,3391.472,6.717
16,21.484659664533567,0.9224893817832707,150,42,G,22,3357.659,5.653
16,21.484659664533567,0.9224893817832707,150,42,G,33,3386.043,6.546
16,21.484659664533567,0.9224893817832707,150,42,I,11,735.056,8.096
16,21.484659664533567,0.9224893817832707,150,42,I,22,733.609,7.884
16,21.484659664533567,0.9224893817832707,150,42,I,33,735.056,8.096
16,21.484659664533567,0.9224893817832707,150,42,K,11,931.729,8.847
16,21.484659664533567,0.9224893817832707,150,42,K,22,919.92,7.467
16,21.484659664533567,0.9224893817832707,150,42,K,33,926.23,8.204
17,21.602852324112835,0.9333658745418211,82,42,D,11,1015.491,7.573
17,21.602852324112835,0.9333658745418211,82,42,D,22,992.392,5.126
17,21.602852324112835,0.9333658745418211,82,42,D,33,989.073,4.775
17,21.602852324112835,0.9333658745418211,82,42,G,11,3391.472,6.717
17,21.602852324112835,0.9333658745418211,82,42,G,22,3357.659,5.653
17,21.602852324112835,0.9333658745418211,82,42,G,33,3386.043,6.546
17,21.602852324112835,0.9333658745418211,82,42,I,11,735.056,8.096
17,21.602852324112835,0.9333658745418211,82,42,I,22,733.609,7.884
17,21.602852324112835,0.9333658745418211,82,42,I,33,735.056,8.096
17,21.602852324112835,0.9333658745418211,82,42,K,11,931.729,8.847
17,21.602852324112835,0.9333658745418211,82,42,K,22,919.92,7.467
17,21.602852324112835,0.9333658745418211,82,42,K,33,926.23,8.204
18,374.3304421877384,0.9343346272902957,38,75,D,11,992.334,5.12
18,374.3304421877384,0.9343346272902957,38,75,D,22,1011.86,7.189
18,374.3304421877384,0.9343346272902957,38,75,D,33,989.073,4.775
18,374.3304421877384,0.9343346272902957,38,75,G,11,3521.821,10.819
18,374.3304421877384,0.9343346272902957,38,75,G,22,3516.675,10.657
18,374.3304421877384,0.9343346272902957,38,75,G,33,3529.572,11.063
18,374.3304421877384,0.9343346272902957,38,75,I,11,729.457,7.273
18,374.3304421877384,0.9343346272902957,38,75,I,22,735.056,8.096
18,374.3304421877384,0.9343346272902957,38,75,I,33,735.056,8.096
18,374.3304421877384,0.9343346272902957,38,75,K,11,955.242,11.594
18,374.3304421877384,0.9343346272902957,38,75,K,22,931.974,8.875
18,374.3304421877384,0.9343346272902957,38,75,K,33,936.69,9.426
19,310.0483221742001,0.9982725217901902,33,15,D,11,1006.19,6.588
19,310.0483221742001,0.9982725217901902,33,15,D,22,1006.19,6.588
19,310.0483221742001,0.9982725217901902,33,15,D,33,1024.26,8.502
19,310.0483221742001,0.9982725217901902,33,15,G,11,3373.355,6.147
19,310.0483221742001,0.9982725217901902,33,15,G,22,3450.071,8.561
19,310.0483221742001,0.9982725217901902,33,15,G,33,3650.168,14.857
19,310.0483221742001,0.9982725217901902,33,15,I,11,766.393,12.705
19,310.0483221742001,0.9982725217901902,33,15,I,22,757.593,11.411
19,310.0483221742001,0.9982725217901902,33,15,I,33,735.056,8.096
19,310.0483221742001,0.9982725217901902,33,15,K,11,905.615,5.796
19,310.0483221742001,0.9982725217901902,33,15,K,22,919.92,7.467
19,310.0483221742001,0.9982725217901902,33,15,K,33,918.93,7.352
20,260.2272717459543,0.9950910831535917,38,74,D,11,992.334,5.12
20,260.2272717459543,0.9950910831535917,38,74,D,22,1011.86,7.189
20,260.2272717459543,0.9950910831535917,38,74,D,33,989.073,4.775
20,260.2272717459543,0.9950910831535917,38,74,G,11,3521.821,10.819
20,260.2272717459543,0.9950910831535917,38,74,G,22,3516.675,10.657
20,260.2272717459543,0.9950910831535917,38,74,G,33,3529.572,11.063
20,260.2272717459543,0.9950910831535917,38,74,I,11,729.457,7.273
20,260.2272717459543,0.9950910831535917,38,74,I,22,735.056,8.096
20,260.2272717459543,0.9950910831535917,38,74,I,33,735.056,8.096
20,260.2272717459543,0.9950910831535917,38,74,K,11,955.863,11.666
20,260.2272717459543,0.9950910831535917,38,74,K,22,946.499,10.572
20,260.2272717459543,0.9950910831535917,38,74,K,33,948.178,10.768
21,308.97350230457397,0.9413262365890132,36,72,D,11,1024.26,8.502
21,308.97350230457397,0.9413262365890132,36,72,D,22,1011.86,7.189
21,308.97350230457397,0.9413262365890132,36,72,D,33,989.073,4.775
21,308.97350230457397,0.9413262365890132,36,72,G,11,3521.821,10.819
21,308.97350230457397,0.9413262365890132,36,72,G,22,3516.675,10.657
21,308.97350230457397,0.9413262365890132,36,72,G,33,3529.572,11.063
21,308.97350230457397,0.9413262365890132,36,72,I,11,729.457,7.273
21,308.97350230457397,0.9413262365890132,36,72,I,22,735.056,8.096
21,308.97350230457397,0.9413262365890132,36,72,I,33,735.056,8.096
21,308.97350230457397,0.9413262365890132,36,72,K,11,955.242,11.594
21,308.97350230457397,0.9413262365890132,36,72,K,22,946.499,10.572
21,308.97350230457397,0.9413262365890132,36,72,K,33,947.999,10.748
22,250.7112544647135,0.9047476936467117,42,74,D,11,992.334,5.12
22,250.7112544647135,0.9047476936467117,42,74,D,22,1011.86,7.189
22,250.7112544647135,0.9047476936467117,42,74,D,33,989.073,4.775
22,250.7112544647135,0.9047476936467117,42,74,G,11,3521.821,10.819
22,250.7112544647135,0.9047476936467117,42,74,G,22,3516.675,10.657
22,250.7112544647135,0.9047476936467117,42,74,G,33,3529.572,11.063
22,250.7112544647135,0.9047476936467117,42,74,I,11,729.457,7.273
22,250.7112544647135,0.9047476936467117,42,74,I,22,735.056,8.096
22,250.7112544647135,0.9047476936467117,42,74,I,33,735.056,8.096
22,250.7112544647135,0.9047476936467117,42,74,K,11,955.863,11.666
22,250.7112544647135,0.9047476936467117,42,74,K,22,946.499,10.572
22,250.7112544647135,0.9047476936467117,42,74,K,33,936.69,9.426
23,242.46628452209097,0.9017153847908023,50,59,D,11,1006.19,6.588
23,242.46628452209097,0.9017153847908023,50,59,D,22,992.392,5.126
23,242.46628452209097,0.9017153847908023,50,59,D,33,989.073,4.775
23,242.46628452209097,0.9017153847908023,50,59,G,11,3521.821,10.819
23,242.46628452209097,0.9017153847908023,50,59,G,22,3516.675,10.657
23,242.46628452209097,0.9017153847908023,50,59,G,33,3529.572,11.063
23,242.46628452209097,0.9017153847908023,50,59,I,11,735.056,8.096
23,242.46628452209097,0.9017153847908023,50,59,I,22,735.056,8.096
23,242.46628452209097,0.9017153847908023,50,59,I,33,735.056,8.096
23,242.46628452209097,0.9017153847908023,50,59,K,11,937.304,9.498
23,242.46628452209097,0.9017153847908023,50,59,K,22,919.92,7.467
23,242.46628452209097,0.9017153847908023,50,59,K,33,936.69,9.426
24,423.6628229766247,0.9427600195293404,92,44,D,11,1006.19,6.588
24,423.6628229766247,0.9427600195293404,92,44,D,22,992.392,5.126
24,423.6628229766247,0.9427600195293404,92,44,D,33,989.073,4.775
24,423.6628229766247,0.9427600195293404,92,44,G,11,3391.472,6.717
24,423.6628229766247,0.9427600195293404,92,44,G,22,3357.659,5.653
24,423.6628229766247,0.9427600195293404,92,44,G,33,3386.043,6.546
24,423.6628229766247,0.9427600195293404,92,44,I,11,735.056,8.096
24,423.6628229766247,0.9427600195293404,92,44,I,22,733.609,7.884
24,423.6628229766247,0.9427600195293404,92,44,I,33,735.056,8.096
24,423.6628229766247,0.9427600195293404,92,44,K,11,915.509,6.952
24,423.6628229766247,0.9427600195293404,92,44,K,22,919.92,7.467
24,423.6628229766247,0.9427600195293404,92,44,K,33,926.23,8.204
25,457.0935795726972,0.9053658688644874,74,44,D,11,1006.19,6.588
25,457.0935795726972,0.9053658688644874,74,44,D,22,992.392,5.126
25,457.0935795726972,0.9053658688644874,74,44,D,33,989.073,4.775
25,457.0935795726972,0.9053658688644874,74,44,G,11,3391.472,6.717
25,457.0935795726972,0.9053658688644874,74,44,G,22,3357.659,5.653
25,457.0935795726972,0.9053658688644874,74,44,G,33,3386.043,6.546
25,457.0935795726972,0.9053658688644874,74,44,I,11,735.056,8.096
25,457.0935795726972,0.9053658688644874,74,44,I,22,733.609,7.884
25,457.0935795726972,0.9053658688644874,74,44,I,33,735.056,8.096
25,457.0935795726972,0.9053658688644874,74,44,K,11,915.509,6.952
25,457.0935795726972,0.9053658688644874,74,44,K,22,919.92,7.467
25,457.0935795726972,0.9053658688644874,74,44,K,33,926.23,8.204
26,477.925247003097,0.919059784646691,78,45,D,11,1006.19,6.588
26,477.925247003097,0.919059784646691,78,45,D,22,992.392,5.126
26,477.925247003097,0.919059784646691,78,45,D,33,989.073,4.775
26,477.925247003097,0.919059784646691,78,45,G,11,3410.569,7.318
26,477.925247003097,0.919059784646691,78,45,G,22,3357.659,5.653
26,477.925247003097,0.919059784646691,78,45,G,33,3439.79,8.238
26,477.925247003097,0.919059784646691,78,45,I,11,735.056,8.096
26,477.925247003097,0.919059784646691,78,45,I,22,733.609,7.884
26,477.925247003097,0.919059784646691,78,45,I,33,735.056,8.096
26,477.925247003097,0.919059784646691,78,45,K,11,915.509,6.952
26,477.925247003097,0.919059784646691,78,45,K,22,919.92,7.467
26,477.925247003097,0.919059784646691,78,45,K,33,926.23,8.204
27,483.8484786386839,0.9211263517202707,84,44,D,11,1006.19,6.588
27,483.8484786386839,0.9211263517202707,84,44,D,22,992.392,5.126
27,483.8484786386839,0.9211263517202707,84,44,D,33,989.073,4.775
27,483.8484786386839,0.9211263517202707,84,44,G,11,3391.472,6.717
27,483.8484786386839,0.9211263517202707,84,44,G,22,3357.659,5.653
27,483.8484786386839,0.9211263517202707,84,44,G,33,3386.043,6.546
27,483.8484786386839,0.9211263517202707,84,44,I,11,735.056,8.096
27,483.8484786386839,0.9211263517202707,84,44,I,22,733.609,7.884
27,483.8484786386839,0.9211263517202707,84,44,I,33,735.056,8.096
27,483.8484786386839,0.9211263517202707,84,44,K,11,915.509,6.952
27,483.8484786386839,0.9211263517202707,84,44,K,22,919.92,7.467
27,483.8484786386839,0.9211263517202707,84,44,K,33,925.724,8.145
28,123.78140759712855,0.9446890086356747,80,39,D,11,1006.19,6.588
28,123.78140759712855,0.9446890086356747,80,39,D,22,992.392,5.126
28,123.78140759712855,0.9446890086356747,80,39,D,33,989.073,4.775
28,123.78140759712855,0.9446890086356747,80,39,G,11,3391.472,6.717
28,123.78140759712855,0.9446890086356747,80,39,G,22,3357.659,5.653
28,123.78140759712855,0.9446890086356747,80,39,G,33,3386.043,6.546
28,123.78140759712855,0.9446890086356747,80,39,I,11,735.056,8.096
28,123.78140759712855,0.9446890086356747,80,39,I,22,733.609,7.884
28,123.78140759712855,0.9446890086356747,80,39,I,33,735.056,8.096
28,123.78140759712855,0.9446890086356747,80,39,K,11,915.509,6.952
28,123.78140759712855,0.9446890086356747,80,39,K,22,919.92,7.467
28,123.78140759712855,0.9446890086356747,80,39,K,33,926.23,8.204
29,111.05357134106376,0.9173057029069015,94,36,D,11,1006.19,6.588
29,111.05357134106376,0.9173057029069015,94,36,D,22,992.392,5.126
29,111.05357134106376,0.9173057029069015,94,36,D,33,1024.26,8.502
29,111.05357134106376,0.9173057029069015,94,36,G,11,3391.472,6.717
29,111.05357134106376,0.9173057029069015,94,36,G,22,3357.659,5.653
29,111.05357134106376,0.9173057029069015,94,36,G,33,3386.043,6.546
29,111.05357134106376,0.9173057029069015,94,36,I,11,735.056,8.096
29,111.05357134106376,0.9173057029069015,94,36,I,22,733.609,7.884
29,111.05357134106376,0.9173057029069015,94,36,I,33,735.056,8.096
29,111.05357134106376,0.9173057029069015,94,36,K,11,915.509,6.952
29,111.05357134106376,0.9173057029069015,94,36,K,22,919.92,7.467
29,111.05357134106376,0.9173057029069015,94,36,K,33,926.23,8.204
30,141.98052859377214,0.9450223714013647,93,55,D,11,1006.19,6.588
30,141.98052859377214,0.9450223714013647,93,55,D,22,992.392,5.126
30,141.98052859377214,0.9450223714013647,93,55,D,33,989.073,4.775
30,141.98052859377214,0.9450223714013647,93,55,G,11,3432.083,7.995
30,141.98052859377214,0.9450223714013647,93,55,G,22,3516.675,10.657
30,141.98052859377214,0.9450223714013647,93,55,G,33,3529.572,11.063
30,141.98052859377214,0.9450223714013647,93,55,I,11,735.056,8.096
30,141.98052859377214,0.9450223714013647,93,55,I,22,735.056,8.096
30,141.98052859377214,0.9450223714013647,93,55,I,33,735.056,8.096
30,141.98052859377214,0.9450223714013647,93,55,K,11,937.304,9.498
30,141.98052859377214,0.9450223714013647,93,55,K,22,919.92,7.467
30,141.98052859377214,0.9450223714013647,93,55,K,33,926.23,8.204
31,127.5063773270489,0.9135012878018475,18,54,D,11,1006.19,6.588
31,127.5063773270489,0.9135012878018475,18,54,D,22,992.392,5.126
31,127.5063773270489,0.9135012878018475,18,54,D,33,989.073,4.775
31,127.5063773270489,0.9135012878018475,18,54,G,11,3521.821,10.819
31,127.5063773270489,0.9135012878018475,18,54,G,22,3399.088,6.957
31,127.5063773270489,0.9135012878018475,18,54,G,33,3505.189,10.295
31,127.5063773270489,0.9135012878018475,18,54,I,11,735.056,8.096
31,127.5063773270489,0.9135012878018475,18,54,I,22,735.056,8.096
31,127.5063773270489,0.9135012878018475,18,54,I,33,735.056,8.096
31,127.5063773270489,0.9135012878018475,18,54,K,11,937.304,9.498
31,127.5063773270489,0.9135012878018475,18,54,K,22,919.92,7.467
31,127.5063773270489,0.9135012878018475,18,54,K,33,926.23,8.204
32,89.55831375863232,0.9133577995446813,23,33,D,11,1006.19,6.588
32,89.55831375863232,0.9133577995446813,23,33,D,22,992.392,5.126
32,89.55831375863232,0.9133577995446813,23,33,D,33,1024.26,8.502
32,89.55831375863232,0.9133577995446813,23,33,G,11,3390.167,6.676
32,89.55831375863232,0.9133577995446813,23,33,G,22,3421.086,7.649
32,89.55831375863232,0.9133577995446813,23,33,G,33,3390.663,6.692
32,89.55831375863232,0.9133577995446813,23,33,I,11,729.586,7.292
32,89.55831375863232,0.9133577995446813,23,33,I,22,733.609,7.884
32,89.55831375863232,0.9133577995446813,23,33,I,33,735.056,8.096
32,89.55831375863232,0.9133577995446813,23,33,K,11,905.615,5.796
32,89.55831375863232,0.9133577995446813,23,33,K,22,919.92,7.467
32,89.55831375863232,0.9133577995446813,23,33,K,33,925.724,8.145
33,83.44032413361695,0.9807139918551847,20,30,D,11,1015.491,7.573
33,83.44032413361695,0.9807139918551847,20,30,D,22,992.392,5.126
33,83.44032413361695,0.9807139918551847,20,30,D,33,1024.26,8.502
33,83.44032413361695,0.9807139918551847,20,30,G,11,3390.167,6.676
33,83.44032413361695,0.9807139918551847,20,30,G,22,3372.485,6.12
33,83.44032413361695,0.9807139918551847,20,30,G,33,3387.099,6.58
33,83.44032413361695,0.9807139918551847,20,30,I,11,729.586,7.292
33,83.44032413361695,0.9807139918551847,20,30,I,22,733.609,7.884
33,83.44032413361695,0.9807139918551847,20,30,I,33,735.056,8.096
33,83.44032413361695,0.9807139918551847,20,30,K,11,905.615,5.796
33,83.44032413361695,0.9807139918551847,20,30,K,22,919.92,7.467
33,83.44032413361695,0.9807139918551847,20,30,K,33,924.668,8.022
34,343.7841367428286,0.9247703839588773,70,33,D,11,1006.19,6.588
34,343.7841367428286,0.9247703839588773,70,33,D,22,992.392,5.126
34,343.7841367428286,0.9247703839588773,70,33,D,33,1024.26,8.502
34,343.7841367428286,0.9247703839588773,70,33,G,11,3391.472,6.717
34,343.7841367428286,0.9247703839588773,70,33,G,22,3421.086,7.649
34,343.7841367428286,0.9247703839588773,70,33,G,33,3387.099,6.58
34,343.7841367428286,0.9247703839588773,70,33,I,11,729.586,7.292
34,343.7841367428286,0.9247703839588773,70,33,I,22,733.609,7.884
34,343.7841367428286,0.9247703839588773,70,33,I,33,735.056,8.096
34,343.7841367428286,0.9247703839588773,70,33,K,11,910.986,6.424
34,343.7841367428286,0.9247703839588773,70,33,K,22,919.92,7.467
34,343.7841367428286,0.9247703839588773,70,33,K,33,924.668,8.022
35,357.38135514439347,0.9271380001703674,68,32,D,11,1006.19,6.588
35,357.38135514439347,0.9271380001703674,68,32,D,22,992.392,5.126
35,357.38135514439347,0.9271380001703674,68,32,D,33,1024.26,8.502
35,357.38135514439347,0.9271380001703674,68,32,G,11,3391.472,6.717
35,357.38135514439347,0.9271380001703674,68,32,G,22,3421.086,7.649
35,357.38135514439347,0.9271380001703674,68,32,G,33,3387.099,6.58
35,357.38135514439347,0.9271380001703674,68,32,I,11,729.586,7.292
35,357.38135514439347,0.9271380001703674,68,32,I,22,733.609,7.884
35,357.38135514439347,0.9271380001703674,68,32,I,33,735.056,8.096
35,357.38135514439347,0.9271380001703674,68,32,K,11,910.986,6.424
35,357.38135514439347,0.9271380001703674,68,32,K,22,919.92,7.467
35,357.38135514439347,0.9271380001703674,68,32,K,33,924.668,8.022
36,338.7696062538674,0.9255704028528453,67,28,D,11,1006.19,6.588
36,338.7696062538674,0.9255704028528453,67,28,D,22,992.392,5.126
36,338.7696062538674,0.9255704028528453,67,28,D,33,1024.26,8.502
36,338.7696062538674,0.9255704028528453,67,28,G,11,3390.167,6.676
36,338.7696062538674,0.9255704028528453,67,28,G,22,3372.485,6.12
36,338.7696062538674,0.9255704028528453,67,28,G,33,3387.099,6.58
36,338.7696062538674,0.9255704028528453,67,28,I,11,729.586,7.292
36,338.7696062538674,0.9255704028528453,67,28,I,22,733.609,7.884
36,338.7696062538674,0.9255704028528453,67,28,I,33,735.056,8.096
36,338.7696062538674,0.9255704028528453,67,28,K,11,905.615,5.796
36,338.7696062538674,0.9255704028528453,67,28,K,22,919.92,7.467
36,338.7696062538674,0.9255704028528453,67,28,K,33,924.668,8.022
37,349.99909278227256,0.9250668094488024,64,39,D,11,1006.19,6.588
37,349.99909278227256,0.9250668094488024,64,39,D,22,992.392,5.126
37,349.99909278227256,0.9250668094488024,64,39,D,33,989.073,4.775
37,349.99909278227256,0.9250668094488024,64,39,G,11,3391.472,6.717
37,349.99909278227256,0.9250668094488024,64,39,G,22,3357.659,5.653
37,349.99909278227256,0.9250668094488024,64,39,G,33,3386.043,6.546
37,349.99909278227256,0.9250668094488024,64,39,I,11,735.056,8.096
37,349.99909278227256,0.9250668094488024,64,39,I,22,733.609,7.884
37,349.99909278227256,0.9250668094488024,64,39,I,33,735.056,8.096
37,349.99909278227256,0.9250668094488024,64,39,K,11,915.509,6.952
37,349.99909278227256,0.9250668094488024,64,39,K,22,919.92,7.467
37,349.99909278227256,0.9250668094488024,64,39,K,33,925.724,8.145
38,179.65889324895298,0.9625499264619267,111,24,D,11,1006.19,6.588
38,179.65889324895298,0.9625499264619267,111,24,D,22,1006.19,6.588
38,179.65889324895298,0.9625499264619267,111,24,D,33,1024.26,8.502
38,179.65889324895298,0.9625499264619267,111,24,G,11,3390.167,6.676
38,179.65889324895298,0.9625499264619267,111,24,G,22,3450.071,8.561
38,179.65889324895298,0.9625499264619267,111,24,G,33,3387.099,6.58
38,179.65889324895298,0.9625499264619267,111,24,I,11,729.586,7.292
38,179.65889324895298,0.9625499264619267,111,24,I,22,733.609,7.884
38,179.65889324895298,0.9625499264619267,111,24,I,33,735.056,8.096
38,179.65889324895298,0.9625499264619267,111,24,K,11,905.615,5.796
38,179.65889324895298,0.9625499264619267,111,24,K,22,919.92,7.467
38,179.65889324895298,0.9625499264619267,111,24,K,33,924.668,8.022
39,177.5492854666901,0.9626377032671316,113,63,D,11,1016.1,7.638
39,177.5492854666901,0.9626377032671316,113,63,D,22,992.392,5.126
39,177.5492854666901,0.9626377032671316,113,63,D,33,989.073,4.775
39,177.5492854666901,0.9626377032671316,113,63,G,11,3521.821,10.819
39,177.5492854666901,0.9626377032671316,113,63,G,22,3516.675,10.657
39,177.5492854666901,0.9626377032671316,113,63,G,33,3529.572,11.063
39,177.5492854666901,0.9626377032671316,113,63,I,11,729.457,7.273
39,177.5492854666901,0.9626377032671316,113,63,I,22,735.056,8.096
39,177.5492854666901,0.9626377032671316,113,63,I,33,735.056,8.096
39,177.5492854666901,0.9626377032671316,113,63,K,11,937.304,9.498
39,177.5492854666901,0.9626377032671316,113,63,K,22,919.92,7.467
39,177.5492854666901,0.9626377032671316,113,63,K,33,924.668,8.022
